Name,Email,Department,Date,CustID,Work_Hours,Bonuses,Leaves/Off,Absent
Stephanie Clark MD,kathleen26@example.com,Sales,2024-01-19,46798,25,900,0,0
Matthew Graham,xthomas@example.com,HR,2024-01-19,29191,475,900,0,0
April Hernandez,apineda@example.org,IT,2024-01-16,35920,600,900,0,0
Melissa Mercer,alice97@example.net,Engineering,2024-01-16,52006,750,900,0,0
Cindy Bernard,jeremychang@example.net,HR,2024-01-12,70765,100,900,0,0
Laurie Berry,jennifergriffin@example.com,Engineering,2024-01-07,73555,100,900,0,0
Regina Hernandez,pamelafields@example.net,Finance,2024-01-23,46345,450,900,0,0
Amanda Nunez,wendy63@example.net,Sales,2024-01-04,98443,425,900,0,0
Veronica Lowery,troyaguilar@example.org,Sales,2023-12-28,71374,775,900,0,0
Julia Bass,cookmaria@example.com,Finance,2024-01-22,29257,450,900,0,0
Monica Rivera,edwardevans@example.org,IT,2024-01-22,57940,775,900,0,0
Paul Hernandez,jamesjames@example.net,Sales,2024-01-01,33634,100,900,0,0
Julie Garcia,gescobar@example.com,Sales,2024-01-18,74566,675,900,0,0
Brenda Snow,hallroger@example.org,Engineering,2024-01-08,44425,750,900,0,0
Andrew Bailey,smithgarrett@example.net,Sales,2023-12-26,63328,200,900,0,0
Julie Reyes,jjones@example.net,Finance,2024-01-01,76279,200,900,0,0
Lisa Parker,xcollins@example.com,Engineering,2023-12-28,88060,600,900,0,0
George Hernandez,stacy87@example.org,Sales,2024-01-03,42490,800,900,0,0
Ivan Sanford,melissashannon@example.org,IT,2024-01-11,29254,375,900,0,0
Amy Young,fishersuzanne@example.com,HR,2024-01-02,31588,525,900,0,0
Leslie Erickson,vowen@example.net,HR,2024-01-01,84547,600,900,0,0
Karen Brown,ryantaylor@example.net,Engineering,2024-01-20,67933,600,900,0,0
Stephanie Spears,kimberlybrown@example.com,Sales,2024-01-06,60781,375,900,0,0
Amy Allen,george41@example.com,HR,2024-01-14,46969,75,900,0,0
Jason Walters,staceysmith@example.com,Engineering,2024-01-23,63334,100,900,0,0
Kenneth Morales,emmamendoza@example.org,IT,2023-12-27,35446,625,900,0,0
Heidi Johnson,johnsonryan@example.org,Finance,2024-01-05,82171,600,900,0,0
John Pennington,andrew34@example.net,IT,2024-01-10,25369,700,900,0,0
William Jones,davidgonzalez@example.net,HR,2024-01-16,19876,300,900,0,0
Anthony Evans,cmorton@example.net,Engineering,2023-12-30,71305,525,900,0,0
Jennifer Anderson,simmonsbrittany@example.com,HR,2024-01-19,20512,225,900,0,0
Jennifer Parker,mike26@example.com,Engineering,2024-01-15,28522,300,900,0,0
Kirsten Kelly,tyoung@example.net,HR,2024-01-05,45211,500,900,0,0
Diane Tanner,mariah22@example.org,Finance,2023-12-30,27421,275,900,0,0
Julie Rice,sandra43@example.org,HR,2024-01-04,38113,600,900,0,0
Joseph Lopez,traymond@example.com,HR,2024-01-21,11689,325,900,0,0
Elijah Johnston,jermaine69@example.org,Engineering,2024-01-05,19621,100,900,0,0
Bianca Stevenson,bsimmons@example.org,Finance,2024-01-20,64402,800,900,0,0
Kelly Williams,jenna90@example.org,IT,2024-01-21,49612,775,900,0,0
Maria Adams,chad50@example.com,Engineering,2024-01-12,93454,225,900,0,0
Brandy Hoffman,davidmayo@example.org,IT,2024-01-05,49504,450,900,0,0
Brandy Thomas,terripatterson@example.net,IT,2023-12-27,58918,425,900,0,0
Michael Torres,ekaufman@example.com,IT,2024-01-11,12220,375,900,0,0
James Torres,kurtweber@example.org,Sales,2023-12-28,34450,750,900,0,0
Rebecca Scott,chadrodriguez@example.net,Sales,2024-01-23,99487,475,900,0,0
Brian Barnes,andersonmarvin@example.net,Sales,2024-01-06,73603,650,900,0,0
Andrew Harris,marynavarro@example.org,IT,2024-01-01,83908,550,900,0,0
Christopher Vance,tonyahall@example.net,HR,2024-01-19,56521,25,900,0,0
Kevin Kidd,pfrazier@example.org,Finance,2024-01-15,62530,0,900,0,0
Philip Strong,iwebb@example.net,HR,2023-12-26,17581,550,900,0,0
Ethan Nichols,shelby84@example.org,Sales,2024-01-13,43756,625,900,0,0
Tiffany Lee,nathanbowen@example.org,IT,2023-12-30,29299,475,900,0,0
Monica Evans,donald56@example.net,IT,2024-01-09,17740,25,900,0,0
Chase Aguilar,rcook@example.net,IT,2023-12-30,73987,350,900,0,0
Danny Graham,melaniedavis@example.com,Sales,2024-01-23,33406,375,900,0,0
John Murphy,upaul@example.net,Finance,2024-01-02,53527,25,900,0,0
Jessica Campbell,walter50@example.net,Sales,2024-01-06,56626,350,900,0,0
Erica Wilson,matthew81@example.net,HR,2023-12-25,35146,175,900,0,0
Tyler Mueller,jennifergonzales@example.com,IT,2024-01-07,79453,350,900,0,0
Daniel Guerra,leerobert@example.net,Sales,2024-01-03,80914,625,900,0,0
Cindy Bautista,kevin53@example.net,Sales,2023-12-31,49054,675,900,0,0
Jonathan Rhodes,stacy72@example.com,IT,2023-12-28,84331,250,900,0,0
Jody Sanchez,rebecca34@example.org,HR,2023-12-27,74620,775,900,0,0
Mrs. Carolyn Butler,sullivanallison@example.net,Sales,2024-01-01,31984,675,900,0,0
Mike Becker,andreabradley@example.org,HR,2024-01-06,76537,350,900,0,0
Susan Johnson,kevinhill@example.org,HR,2023-12-26,57016,375,900,0,0
Raymond Davila,robinsonjames@example.com,IT,2024-01-21,34291,550,900,0,0
William Mitchell,wmorgan@example.net,Sales,2024-01-03,60289,450,900,0,0
John Downs,fisherrichard@example.com,Engineering,2023-12-28,27469,150,900,0,0
Mariah Maldonado,robinsondustin@example.org,Engineering,2023-12-29,85813,225,900,0,0
Joshua Meyer,timothywood@example.org,Engineering,2024-01-06,61714,800,900,0,0
David Rodriguez,thomas80@example.net,IT,2024-01-19,48907,225,900,0,0
Kathy Cummings,esuarez@example.net,Engineering,2024-01-01,82546,650,900,0,0
Valerie Oconnor,xgilmore@example.org,HR,2024-01-10,62035,250,900,0,0
Michael Sullivan,reynoldszachary@example.com,Sales,2024-01-11,25408,225,900,0,0
Kelly Howard,allen32@example.net,Sales,2024-01-15,59113,525,900,0,0
Lawrence Thomas,christophernash@example.com,HR,2024-01-03,54967,775,900,0,0
Julie Johnson,christopher33@example.org,IT,2024-01-23,23167,375,900,0,0
Dustin Whitaker,samuel06@example.com,Engineering,2024-01-21,69616,800,900,0,0
Jocelyn Morgan,phyllisfreeman@example.net,Sales,2023-12-25,93070,275,900,0,0
Sharon Callahan,lambertjohn@example.net,IT,2023-12-25,49975,75,900,0,0
John Carpenter,ramirezjoseph@example.org,HR,2023-12-30,47476,650,900,0,0
Lisa King,wclark@example.org,Engineering,2024-01-02,70231,525,900,0,0
Lindsey Garner,langronald@example.net,Finance,2024-01-14,30070,500,900,0,0
Patrick Gentry,kevin05@example.org,HR,2024-01-21,60241,0,900,0,0
John Martin,christopherpowell@example.org,IT,2024-01-11,41530,750,900,0,0
Lori Gregory,uball@example.net,Sales,2024-01-12,12157,525,900,0,0
Rachel Gilbert,pwiggins@example.net,Finance,2024-01-04,77203,325,900,0,0
Daniel Martin,andreakim@example.com,Finance,2023-12-26,69757,350,900,0,0
Lori Bell,lopezkimberly@example.net,Finance,2023-12-27,52078,525,900,0,0
Anthony Thornton,lori22@example.com,Engineering,2023-12-28,19510,525,900,0,0
Andrew Williams,walshnicholas@example.net,Finance,2024-01-22,53584,700,900,0,0
Kristen Patterson,millerjoshua@example.net,IT,2024-01-18,30580,750,900,0,0
Natasha Meyer,evansjames@example.org,HR,2024-01-15,63043,600,900,0,0
Elizabeth Garcia,ubaker@example.com,Sales,2023-12-28,19855,325,900,0,0
Patricia Molina,laurenpalmer@example.net,Engineering,2024-01-01,62881,400,900,0,0
Kimberly Taylor,robinsondonna@example.com,IT,2024-01-13,93568,650,900,0,0
Eric Anderson,brittanyjefferson@example.com,IT,2023-12-27,59305,150,900,0,0
Michael Ford,alexandermoon@example.org,Finance,2024-01-21,63166,775,900,0,0
David Lee,cookejoshua@example.org,HR,2024-01-17,51343,725,900,0,0
Alexis Bridges,igraham@example.com,Finance,2024-01-19,10261,150,900,0,0
Jeffrey Jenkins,anna63@example.net,IT,2024-01-05,95944,400,900,0,0
Francis Fowler,smithsherri@example.org,Engineering,2024-01-21,83995,100,900,0,0
John Johnson,erika78@example.org,Sales,2024-01-20,59980,75,900,0,0
Michelle Bryant,lauraball@example.org,IT,2024-01-03,85294,575,900,0,0
Danielle Guerra,nancy19@example.net,HR,2024-01-21,42826,125,900,0,0
Brian Henry,mgreen@example.com,Engineering,2024-01-21,43243,300,900,0,0
Matthew May,xhughes@example.com,IT,2023-12-30,76021,100,900,0,0
Rebecca Oliver,saramartinez@example.org,Sales,2023-12-26,54694,500,900,0,0
Ashley King,xholmes@example.org,Sales,2024-01-22,83494,725,900,0,0
Sarah Davis,ashaffer@example.org,HR,2024-01-14,42649,250,900,0,0
Wyatt Bowers,rtate@example.com,Sales,2024-01-04,82003,350,900,0,0
Suzanne Williams,jamesbarrett@example.org,IT,2023-12-30,40144,675,900,0,0
Alisha Dennis,martinezbreanna@example.com,HR,2023-12-28,26320,375,900,0,0
Benjamin Jones,garciajulie@example.net,Finance,2024-01-15,53008,350,900,0,0
Jenny Gutierrez,rnorman@example.net,Finance,2024-01-16,33676,50,900,0,0
Terry Taylor,ihuerta@example.net,HR,2024-01-12,39256,400,900,0,0
Willie Leonard,ewilkinson@example.org,Engineering,2023-12-27,77164,625,900,0,0
Terri Cummings,riverabenjamin@example.org,Sales,2024-01-06,36001,500,900,0,0
Molly Becker,lindsaytaylor@example.com,Engineering,2023-12-31,34801,675,900,0,0
Shannon Norman,alan49@example.com,Sales,2024-01-01,34909,675,900,0,0
Becky Graham,donaldsonashley@example.net,IT,2024-01-03,20623,375,900,0,0
Dr. Richard Stone,jeremy23@example.net,IT,2024-01-01,57862,675,900,0,0
Anna Thompson,matthew52@example.net,Engineering,2023-12-26,89797,675,900,0,0
Julie Villarreal,fluna@example.com,Finance,2024-01-11,25210,500,900,0,0
Matthew Kelly,hallclifford@example.com,IT,2024-01-04,52858,800,900,0,0
Kathleen Reilly,candice42@example.com,Engineering,2024-01-12,64363,50,900,0,0
Danny Flores,karladyer@example.net,HR,2024-01-02,75889,750,900,0,0
Shawna Watson,christopherleblanc@example.net,HR,2024-01-22,10762,475,900,0,0
Todd Sexton,wjackson@example.org,Finance,2024-01-09,62482,175,900,0,0
Dr. Kim Page DVM,fjones@example.org,Finance,2023-12-30,92362,175,900,0,0
Richard Moore,deborah78@example.com,Engineering,2023-12-29,40687,400,900,0,0
Megan Nelson,amanda02@example.net,IT,2023-12-29,83065,725,900,0,0
James Taylor,janicelittle@example.com,Finance,2024-01-03,48151,600,900,0,0
Mark Zimmerman,nicole53@example.com,IT,2023-12-30,23938,725,900,0,0
Elizabeth Jones,vcain@example.org,Finance,2024-01-15,24214,700,900,0,0
Kathleen Anderson,mtaylor@example.com,Sales,2024-01-05,33925,325,900,0,0
Kim Young DDS,molly39@example.com,Sales,2024-01-01,19402,525,900,0,0
Robin Parsons,fromero@example.org,Finance,2023-12-30,87907,125,900,0,0
Joseph Fox,hsoto@example.com,HR,2024-01-06,60034,375,900,0,0
Lisa Nichols,ryan88@example.com,Engineering,2024-01-07,50095,575,900,0,0
Renee Mitchell,fmendoza@example.net,Engineering,2024-01-01,64870,625,900,0,0
Tiffany Novak,ycarlson@example.com,Sales,2024-01-13,21487,200,900,0,0
Derek Houston,richard46@example.com,HR,2024-01-04,53626,75,900,0,0
David Carney,ghughes@example.net,Sales,2024-01-03,84328,0,900,0,0
Breanna Brandt,dominique08@example.net,HR,2024-01-13,24403,375,900,0,0
Angel Bartlett,andreadavis@example.org,Finance,2024-01-01,38980,700,900,0,0
Robert Sherman,patrickdavid@example.com,IT,2024-01-16,36346,475,900,0,0
David Dean,rachel79@example.com,Engineering,2024-01-16,90352,300,900,0,0
Kim Schmidt,gonzalezian@example.net,Finance,2024-01-01,48421,725,900,0,0
Antonio Crawford,brettgolden@example.net,HR,2024-01-06,65536,275,900,0,0
Richard Blackwell,spatel@example.com,HR,2024-01-18,66001,525,900,0,0
Tanner Clark,patriciamcconnell@example.com,Engineering,2023-12-26,84280,475,900,0,0
Kristina Porter,barrettkevin@example.org,Engineering,2024-01-22,75097,200,900,0,0
Douglas Torres,kelly16@example.org,Sales,2024-01-20,31153,450,900,0,0
Sandra Leon,mikeanderson@example.org,Finance,2024-01-06,64804,275,900,0,0
Tyler Johnson,danielle96@example.com,HR,2023-12-29,63874,775,900,0,0
Katherine Jones,nburns@example.com,Finance,2023-12-25,69610,750,900,0,0
Steven Long,mallory83@example.com,IT,2024-01-23,44029,725,900,0,0
James Trevino,derrick91@example.net,HR,2023-12-27,99922,425,900,0,0
Amy Dougherty,charles30@example.net,IT,2024-01-12,61936,125,900,0,0
Rodney Cook,michael74@example.net,Sales,2024-01-16,79315,450,900,0,0
Mr. Nicholas Lewis,nsmith@example.com,HR,2023-12-29,50044,575,900,0,0
Johnny Robinson,robertkennedy@example.org,IT,2023-12-29,17620,400,900,0,0
Bradley Jones,imullins@example.net,Finance,2023-12-29,44527,50,900,0,0
David Dean,sandra20@example.com,IT,2024-01-02,58972,500,900,0,0
Peter Walters,burtoncristian@example.net,Engineering,2023-12-31,12868,675,900,0,0
Stacey Salas,fitzgeraldalexander@example.com,IT,2024-01-21,35581,625,900,0,0
Natasha Gonzalez,schultzraymond@example.net,Sales,2024-01-04,20299,25,900,0,0
Sheila Simmons,thomas33@example.org,Sales,2023-12-26,29095,75,900,0,0
Stephanie Davis,sandersjonathan@example.org,Sales,2024-01-16,39952,175,900,0,0
Brian French,laurenschroeder@example.com,HR,2024-01-22,39001,225,900,0,0
Scott Ward,dana53@example.net,HR,2023-12-27,91084,275,900,0,0
Brandon Black,kristinquinn@example.org,Finance,2024-01-21,82618,175,900,0,0
Jeremy Hall,cjohnson@example.com,Sales,2024-01-07,41152,275,900,0,0
Breanna Nguyen,amycarlson@example.org,HR,2024-01-01,49528,475,900,0,0
Joan Jordan,franciscowilson@example.net,Finance,2024-01-13,45688,325,900,0,0
Rebecca Schneider,perryderek@example.net,HR,2024-01-09,90304,175,900,0,0
Carol Ruiz,jarvismarie@example.net,Sales,2024-01-18,25126,800,900,0,0
Shane Rojas,kimberly02@example.net,IT,2024-01-05,85066,125,900,0,0
Tiffany Hayes,jennifer52@example.org,Engineering,2024-01-07,58546,75,900,0,0
James Brewer,bowersmarie@example.org,Finance,2024-01-02,41236,750,900,0,0
Danielle Moreno,wfloyd@example.net,Engineering,2024-01-05,29176,375,900,0,0
April Hammond,michael87@example.org,HR,2024-01-03,95185,650,900,0,0
Jacob Short,antonionelson@example.net,IT,2024-01-01,49699,725,900,0,0
Maria Lopez,brianrhodes@example.com,Engineering,2024-01-12,60919,625,900,0,0
Robert Edwards,psanford@example.net,Sales,2024-01-07,78052,500,900,0,0
Laurie Carroll,mjohnson@example.net,IT,2024-01-16,72808,250,900,0,0
Theresa Wagner,francis76@example.com,HR,2024-01-03,12886,750,900,0,0
Amy Vang,caleb48@example.com,Finance,2024-01-07,27211,100,900,0,0
Jason Howard,jacksonaustin@example.net,Finance,2024-01-22,12658,225,900,0,0
Grant Williamson,kellerkelly@example.com,IT,2024-01-15,23137,75,900,0,0
Vincent Underwood,dawsonbrandon@example.net,Sales,2024-01-12,16984,75,900,0,0
Colleen Arnold,mccormickandrew@example.com,Finance,2023-12-27,76105,750,900,0,0
Cindy Blair,philipwilliams@example.com,HR,2023-12-25,62659,0,900,0,0
Patricia Wilcox,bwilson@example.net,Finance,2024-01-23,96259,650,900,0,0
Nicholas Allen,ksmith@example.net,Finance,2024-01-20,54946,125,900,0,0
Daniel Wilson,robertsjessica@example.com,HR,2023-12-28,51946,100,900,0,0
Timothy Contreras,xmartin@example.net,Sales,2024-01-05,40240,750,900,0,0
Russell Lamb,justin38@example.net,Finance,2023-12-26,37849,650,900,0,0
Jon Baker,nicholetorres@example.org,Sales,2024-01-22,12661,525,900,0,0
Bradley Barnes,latasha56@example.org,Sales,2024-01-13,93625,550,900,0,0
Chelsea Delgado,stanleyhoward@example.net,IT,2024-01-13,77218,275,900,0,0
Aaron Hartman,lsteele@example.org,HR,2024-01-22,16984,100,900,0,0
Kayla Barker,nicholashutchinson@example.com,HR,2024-01-03,71440,0,900,0,0
Meghan Martinez,brittanycollier@example.net,Finance,2024-01-21,27703,175,900,0,0
David Davis,osbornetaylor@example.net,HR,2024-01-19,42877,525,900,0,0
Levi Mitchell,baileyerica@example.com,Sales,2024-01-22,72610,650,900,0,0
Shannon Leblanc,paulbruce@example.com,Finance,2024-01-19,99262,375,900,0,0
Elizabeth Patel,susanmorales@example.com,HR,2024-01-16,72367,125,900,0,0
Donald Ingram,toni76@example.org,Sales,2024-01-06,30412,725,900,0,0
Christina Lambert,ballardandrew@example.com,Engineering,2023-12-27,91135,350,900,0,0
Amy Ramirez,andrea75@example.net,Sales,2024-01-19,74821,525,900,0,0
Sarah Hart,roblesdaniel@example.org,HR,2024-01-08,66736,650,900,0,0
Mark Anthony,larry88@example.net,HR,2024-01-11,64777,475,900,0,0
Andrea Flores,robert03@example.net,Sales,2024-01-22,85495,400,900,0,0
William Villegas,weissanthony@example.com,Sales,2024-01-07,43360,575,900,0,0
Rhonda Hoffman,rodriguezalexandria@example.com,HR,2024-01-10,93052,550,900,0,0
Joseph Armstrong,clarkeric@example.org,Sales,2024-01-06,91582,225,900,0,0
Timothy Mckenzie,hernandezkelly@example.org,HR,2023-12-31,15676,700,900,0,0
Lynn Thompson,milleramber@example.org,Engineering,2023-12-31,60394,75,900,0,0
Sheena Henderson,tfleming@example.net,Finance,2024-01-08,94903,175,900,0,0
Michele Gonzalez,helenpowell@example.com,Finance,2024-01-07,36490,75,900,0,0
Cody Cohen,john14@example.com,HR,2024-01-22,90406,325,900,0,0
Maria Nelson,andrew00@example.org,Sales,2024-01-01,89707,150,900,0,0
Miss Caitlin Short,alisonblankenship@example.org,Engineering,2024-01-07,37990,575,900,0,0
Mackenzie Gardner,caitlinbecker@example.org,Finance,2024-01-09,94246,325,900,0,0
Jamie Montgomery,daypatricia@example.com,Sales,2024-01-08,81418,675,900,0,0
Susan Daugherty,stephanie46@example.com,Engineering,2024-01-16,90913,700,900,0,0
Jocelyn Williams,khunter@example.org,Engineering,2024-01-15,76792,125,900,0,0
Michael Jones,lpetersen@example.org,IT,2024-01-15,53641,700,900,0,0
Ruben Roth,simpsonashley@example.net,Finance,2023-12-28,62290,125,900,0,0
Frederick Smith,qthomas@example.com,Sales,2024-01-09,31927,200,900,0,0
Ronald Rivera,shawnjohnson@example.org,Finance,2024-01-07,46822,525,900,0,0
Raymond Kane,petersjessica@example.org,Engineering,2023-12-31,30148,100,900,0,0
Mr. Joe Griffith,campbellgarrett@example.org,HR,2024-01-21,25642,125,900,0,0
Brittany Patterson,leepaul@example.org,Finance,2024-01-15,74518,725,900,0,0
Kimberly Molina,harrelltimothy@example.com,Engineering,2024-01-03,72544,625,900,0,0
John Willis,nbailey@example.net,HR,2024-01-17,17200,500,900,0,0
Melanie Washington,perkinsjames@example.net,Finance,2024-01-23,49741,300,900,0,0
Samuel Romero,toddhill@example.org,HR,2024-01-12,66289,75,900,0,0
Christopher Conley,joseph37@example.com,HR,2023-12-25,64204,350,900,0,0
Jeffrey Ford,kevinmurphy@example.com,Finance,2024-01-23,16228,800,900,0,0
Matthew Lawrence,david58@example.com,Finance,2023-12-26,56335,525,900,0,0
Lisa Evans,rachel85@example.com,Finance,2023-12-31,74026,75,900,0,0
Alexis Chavez,morganashley@example.org,Engineering,2024-01-22,13303,675,900,0,0
Andres Ortega,timothy25@example.org,Engineering,2024-01-21,86455,250,900,0,0
Cheryl Mckinney,stoneangelica@example.com,Finance,2024-01-20,70657,375,900,0,0
Carol Perry,virginia46@example.com,Finance,2023-12-27,90031,0,900,0,0
Randall Weaver,christinariley@example.com,Sales,2024-01-03,28642,200,900,0,0
Curtis Fischer,taylor24@example.net,HR,2024-01-09,89857,200,900,0,0
Timothy Johnson,whitneymorris@example.org,Engineering,2023-12-26,60979,250,900,0,0
Isaiah Heath,blanchardmike@example.org,Finance,2024-01-04,44950,350,900,0,0
Mark Carter,jennifer90@example.com,Engineering,2023-12-30,13492,800,900,0,0
Lisa Simon,gregory34@example.com,Engineering,2023-12-29,73087,325,900,0,0
Rebekah Clay MD,robert59@example.org,HR,2024-01-08,84214,750,900,0,0
Blake Randall,clarkrobert@example.com,Engineering,2024-01-06,15676,300,900,0,0
Tracy Flowers,zsimmons@example.net,HR,2024-01-10,18586,100,900,0,0
Carrie Anderson,knightkimberly@example.net,Sales,2024-01-15,85384,75,900,0,0
Brooke Miller,xsmith@example.com,HR,2024-01-15,63661,275,900,0,0
Sarah Franco,nicole70@example.net,Engineering,2024-01-01,20944,25,900,0,0
Terry Grant,walterstacy@example.net,Engineering,2024-01-08,36865,200,900,0,0
Amber Campbell,edwardgibbs@example.net,Sales,2024-01-06,68578,400,900,0,0
Nicolas Scott,vwyatt@example.com,Finance,2023-12-31,14482,325,900,0,0
Michael Monroe,randywashington@example.com,Engineering,2024-01-04,70036,500,900,0,0
Mary Thomas,brandonrobinson@example.net,Engineering,2024-01-12,50422,425,900,0,0
Leslie Jarvis,rsmith@example.org,Engineering,2024-01-10,60514,75,900,0,0
William Thomas,olivia14@example.com,IT,2024-01-23,19066,200,900,0,0
Donald Perez DVM,adam51@example.org,Sales,2024-01-17,49759,75,900,0,0
Nathaniel Leonard,tiffany29@example.org,IT,2024-01-07,24553,725,900,0,0
Sharon Armstrong,patricia56@example.net,IT,2024-01-12,65284,150,900,0,0
Kayla Spencer,kharris@example.org,HR,2024-01-08,77257,350,900,0,0
Anna Weiss,lynnjustin@example.org,HR,2024-01-14,60136,300,900,0,0
Laura Carter,johnbaldwin@example.net,IT,2024-01-16,39517,350,900,0,0
Susan Neal,cindy65@example.net,HR,2024-01-10,15652,50,900,0,0
Michelle Harris,kaylaferguson@example.org,Finance,2023-12-26,81652,0,900,0,0
Isabel Gibbs,john88@example.org,IT,2024-01-05,65194,300,900,0,0
Aaron Cook,ashley12@example.org,HR,2024-01-21,58429,25,900,0,0
Adrienne Carrillo,ricemichael@example.com,HR,2024-01-21,29767,475,900,0,0
Jamie Reynolds,qnorman@example.com,HR,2023-12-25,67534,275,900,0,0
Casey Collier,arianaatkinson@example.org,HR,2024-01-23,76228,600,900,0,0
Daniel Griffith,fayers@example.com,HR,2023-12-29,49408,25,900,0,0
Robert Collins,derek31@example.org,IT,2024-01-09,17866,450,900,0,0
Gregory Carter,matthew97@example.org,IT,2024-01-14,36082,175,900,0,0
Ethan Cruz,vicki50@example.net,Engineering,2024-01-04,56494,275,900,0,0
Heather Wilson,laurashelton@example.com,Finance,2024-01-19,46003,200,900,0,0
George Morse,brandi19@example.com,Engineering,2023-12-27,26608,225,900,0,0
Tara White,kristin13@example.org,Sales,2024-01-07,54280,75,900,0,0
Bruce Martinez,belldavid@example.net,HR,2024-01-18,56512,575,900,0,0
Troy Wells,alvarezamy@example.com,HR,2024-01-08,76351,425,900,0,0
Karina Carlson,ronald60@example.org,HR,2024-01-12,49252,150,900,0,0
Steven Fuentes,stricklandbeth@example.org,Engineering,2023-12-28,67552,750,900,0,0
Angela Little,christine97@example.net,Engineering,2024-01-14,70579,375,900,0,0
Sharon Herring MD,schapman@example.org,HR,2024-01-22,92629,675,900,0,0
Raymond Carr,tammyhill@example.org,Engineering,2024-01-03,72247,225,900,0,0
Alyssa Daniel,johnsondustin@example.com,Finance,2024-01-15,75922,575,900,0,0
Erica Griffin,gonzalezdestiny@example.net,HR,2024-01-15,76528,300,900,0,0
Karen Ford,billy95@example.net,HR,2024-01-12,43765,575,900,0,0
Erica Wolfe,laurarobles@example.net,Finance,2024-01-08,42910,375,900,0,0
Devon James,hfuentes@example.com,HR,2024-01-13,32368,25,900,0,0
Rebecca Gordon,william67@example.com,IT,2024-01-02,90421,625,900,0,0
Jessica York,erika58@example.com,Sales,2024-01-07,69610,550,900,0,0
Kathryn Delgado,ghale@example.org,HR,2024-01-04,36196,550,900,0,0
Gregory Norris,kochsteve@example.net,Engineering,2024-01-15,96886,550,900,0,0
Anthony Frey,olivia46@example.com,Engineering,2024-01-11,41530,575,900,0,0
Brian Villa,victoria24@example.com,HR,2023-12-25,47662,750,900,0,0
Jennifer Rosales,rachelpeters@example.com,Finance,2023-12-25,39112,300,900,0,0
Alan Walker,tranerica@example.com,HR,2023-12-29,71302,575,900,0,0
Brittany Cook,stacy05@example.net,HR,2024-01-23,86560,250,900,0,0
Cheryl Elliott,hjohnson@example.com,Finance,2024-01-04,70825,550,900,0,0
Todd Turner,travis08@example.net,IT,2024-01-07,40414,275,900,0,0
Julia Moon DDS,zbarber@example.net,Finance,2024-01-23,79615,350,900,0,0
Tanner Fields,woodsjoel@example.org,Sales,2024-01-22,67801,475,900,0,0
Rachael Bell,justin12@example.net,Finance,2024-01-06,81379,450,900,0,0
Jaclyn Bright,jacksonstephen@example.net,Sales,2024-01-18,47476,500,900,0,0
Cathy Davis,john69@example.com,HR,2023-12-25,60910,750,900,0,0
Dawn Mcdonald,josephadams@example.org,Finance,2023-12-31,75898,800,900,0,0
Nicholas Anderson,amylove@example.net,Engineering,2024-01-01,25630,525,900,0,0
Selena Nelson,james64@example.net,Sales,2024-01-22,53440,675,900,0,0
Kenneth Velez,floresmichael@example.com,Sales,2024-01-06,69757,575,900,0,0
Sherri Hancock,dwilson@example.org,Engineering,2024-01-03,47335,700,900,0,0
Jennifer Chaney,gavin62@example.net,Engineering,2024-01-13,73156,25,900,0,0
Daniel Wagner,adamscynthia@example.org,Finance,2024-01-04,66172,550,900,0,0
Joseph Dominguez,melanie24@example.org,HR,2023-12-31,85030,75,900,0,0
Troy Bauer,jonathanbauer@example.net,Engineering,2024-01-08,82372,375,900,0,0
Jennifer Martin,carolineschultz@example.net,IT,2024-01-07,58885,425,900,0,0
Mr. Brian Everett,kristinerobinson@example.org,Engineering,2023-12-28,60721,150,900,0,0
Joshua White,boyddarren@example.org,HR,2024-01-11,45130,225,900,0,0
Rhonda Hayes,collinstaylor@example.com,Sales,2023-12-30,28495,775,900,0,0
Stephen Heath,kanderson@example.net,HR,2024-01-16,42376,475,900,0,0
Elizabeth Cunningham,murraychristine@example.org,Finance,2024-01-21,86944,800,900,0,0
Jacob Gonzalez,courtney28@example.net,IT,2024-01-21,15589,300,900,0,0
Brandi Garcia,melvinmartinez@example.net,Engineering,2024-01-12,20623,50,900,0,0
Christine Jones,wrightkatrina@example.net,Finance,2023-12-25,16282,700,900,0,0
Alejandro Butler,aimee06@example.net,Sales,2024-01-11,53152,475,900,0,0
Gerald Gardner,kylejohnson@example.com,Finance,2024-01-05,91081,475,900,0,0
Cheryl Taylor,rgriffith@example.org,HR,2024-01-04,10237,125,900,0,0
Victoria Ford,ndavis@example.net,IT,2023-12-31,36727,800,900,0,0
Rachel White,chad15@example.org,Sales,2024-01-06,71557,575,900,0,0
Nicholas Horton,beckmelissa@example.net,HR,2023-12-26,27421,300,900,0,0
Amy Saunders,tinaross@example.org,HR,2023-12-25,89767,275,900,0,0
Patrick Smith,astanley@example.net,Engineering,2024-01-10,11341,400,900,0,0
Jimmy Flores,desireeguzman@example.com,Sales,2024-01-01,15523,75,900,0,0
Linda Lowe,stewartvalerie@example.org,HR,2023-12-31,57226,650,900,0,0
John Duffy,wconley@example.net,Engineering,2024-01-12,63193,575,900,0,0
Rachel Johns,kimberly80@example.net,Engineering,2023-12-26,95644,725,900,0,0
Kimberly Jones,dawsonashlee@example.com,Finance,2023-12-26,66241,100,900,0,0
David Reynolds,jamesjohnson@example.com,Engineering,2023-12-25,30793,425,900,0,0
Regina Knight,robertdavis@example.net,Finance,2024-01-23,65899,100,900,0,0
Mr. James Herrera,atkinsmichael@example.com,HR,2024-01-10,40177,550,900,0,0
Teresa Irwin,harrisonstephen@example.org,Engineering,2024-01-18,28789,625,900,0,0
Ashley Sandoval,gina44@example.org,IT,2024-01-19,23359,150,900,0,0
Amanda Freeman,scott92@example.org,HR,2024-01-12,21028,650,900,0,0
Michelle Simmons,davischelsey@example.com,Sales,2023-12-27,29350,425,900,0,0
Steven Reeves,melissa89@example.com,Engineering,2024-01-20,97057,350,900,0,0
John Watson,patrick34@example.org,Finance,2023-12-27,90529,700,900,0,0
Samuel Reynolds,ychavez@example.com,Engineering,2023-12-26,75442,400,900,0,0
Kevin Schneider,adriana64@example.com,Finance,2024-01-22,67183,75,900,0,0
Richard Torres,carolinewright@example.com,Sales,2023-12-30,96685,275,900,0,0
Gavin Velez,joshua18@example.com,Finance,2024-01-09,55123,50,900,0,0
Heather Cabrera,denisejones@example.net,IT,2023-12-28,82276,525,900,0,0
Valerie Harris,nancy27@example.com,Engineering,2024-01-23,27940,50,900,0,0
Amanda Wilson,jflores@example.net,Finance,2023-12-25,30343,150,900,0,0
David Vasquez,martinezcarolyn@example.com,Finance,2023-12-25,52900,250,900,0,0
Erika Walters,anarogers@example.org,Sales,2024-01-19,65977,400,900,0,0
David Patterson,whitedaniel@example.net,Sales,2024-01-16,30388,350,900,0,0
Michelle Moore,audrey94@example.org,IT,2024-01-17,75850,250,900,0,0
Alice Miller,randy98@example.com,Sales,2024-01-05,99079,125,900,0,0
Misty Owens,rebeccasullivan@example.org,IT,2024-01-01,54526,125,900,0,0
Ashley Howard,walkerjonathan@example.net,HR,2024-01-05,63040,375,900,0,0
Nicholas Kidd,pfritz@example.org,HR,2024-01-05,11179,725,900,0,0
Andrew Smith,ronaldlopez@example.org,Engineering,2024-01-02,51145,25,900,0,0
Mark Johnson,cassandra06@example.com,HR,2024-01-20,17365,425,900,0,0
Christopher Johnson,whitneywilliams@example.com,HR,2024-01-11,33631,375,900,0,0
Catherine Ramirez,tracyroberts@example.com,IT,2024-01-14,13912,600,900,0,0
Lisa Ward,sarah91@example.com,Finance,2023-12-28,31930,275,900,0,0
Beverly Hernandez,timothywillis@example.org,IT,2024-01-22,83605,450,900,0,0
Donald Moore,susanmay@example.net,IT,2023-12-28,37681,550,900,0,0
Andrew Weiss,regina05@example.net,HR,2024-01-13,16957,275,900,0,0
Alexis Graham,jquinn@example.org,Engineering,2023-12-26,20821,75,900,0,0
Jenna Nelson,walkerdiana@example.com,Sales,2023-12-31,11401,300,900,0,0
James Harris,veronicalopez@example.net,Finance,2023-12-26,35590,400,900,0,0
Angela Austin,hwong@example.com,Finance,2023-12-26,13432,300,900,0,0
Felicia Fox,danielturner@example.net,Sales,2024-01-09,52603,625,900,0,0
Alexis Williams,glendagoodwin@example.com,Engineering,2024-01-06,57103,675,900,0,0
Noah Jones,evansdaniel@example.org,Finance,2024-01-01,60772,400,900,0,0
Shannon Brown,phillip23@example.com,Engineering,2024-01-16,57712,425,900,0,0
Paula Mendoza,alexander76@example.net,Engineering,2024-01-20,86329,300,900,0,0
Samantha Jacobs,virginia21@example.net,Engineering,2024-01-01,65944,425,900,0,0
Patrick Smith,jamesshawn@example.net,Finance,2023-12-29,69610,400,900,0,0
Jennifer Davis,kellyalvarado@example.net,IT,2024-01-08,59122,400,900,0,0
Christopher Colon,charles21@example.net,Sales,2024-01-01,61834,100,900,0,0
Dr. Robert Maldonado,ryanbrett@example.org,IT,2023-12-29,24013,750,900,0,0
Patricia Olson,fosterjacob@example.net,Finance,2024-01-17,56965,650,900,0,0
Joel Fischer,kimberly25@example.org,Finance,2023-12-27,76180,475,900,0,0
Joseph Dunn,matthewjimenez@example.org,HR,2023-12-29,55639,375,900,0,0
Mark Mccoy,wmendoza@example.org,Sales,2023-12-29,94915,100,900,0,0
Robert Franco,anthony50@example.com,HR,2024-01-10,78850,475,900,0,0
Michael Taylor,kristenbrewer@example.com,Sales,2023-12-30,79663,650,900,0,0
Keith Wyatt,gabriel98@example.net,Engineering,2024-01-01,90493,450,900,0,0
Brian Drake,michael21@example.net,Sales,2024-01-18,34753,275,900,0,0
Amy Clarke,jessicasmith@example.net,Sales,2024-01-08,43240,525,900,0,0
Kristy Logan,michael94@example.org,Finance,2023-12-31,81199,525,900,0,0
Mark Spencer,wagneranna@example.net,Engineering,2023-12-28,28981,500,900,0,0
Gregory Smith,jamiewilliams@example.org,Sales,2024-01-06,50863,625,900,0,0
Suzanne Morales,stephanie73@example.com,Finance,2023-12-30,36595,700,900,0,0
Brian Gibson,john46@example.org,Engineering,2023-12-27,85963,700,900,0,0
Kayla Cooper,hudsonrhonda@example.net,Engineering,2024-01-03,34798,400,900,0,0
Jordan Munoz,hsmith@example.com,Sales,2024-01-12,80227,50,900,0,0
Christopher Price,lperry@example.net,Sales,2023-12-30,60067,725,900,0,0
Richard Castro,diana29@example.org,HR,2024-01-16,89131,550,900,0,0
Peter Mathis,hschmidt@example.com,Finance,2023-12-27,57388,325,900,0,0
Brandon Doyle,brittanyholder@example.org,HR,2024-01-10,62374,200,900,0,0
Tara Allen,vgates@example.com,Finance,2024-01-10,99382,625,900,0,0
Cory Beck,wayne18@example.com,Sales,2023-12-28,66775,750,900,0,0
Brian Wallace,ymorgan@example.net,Finance,2024-01-09,33592,675,900,0,0
Isabella Wiley,wpope@example.org,Engineering,2024-01-08,50482,425,900,0,0
Amy Jackson,briannacarter@example.com,Engineering,2024-01-10,53386,525,900,0,0
Stephanie Howard,chaneynathaniel@example.net,Finance,2024-01-21,74743,100,900,0,0
Jeffrey Hernandez,james05@example.net,HR,2024-01-08,10642,75,900,0,0
Sally Knight,tonyayoung@example.com,HR,2023-12-27,77026,175,900,0,0
Patrick Johnson,edrake@example.net,HR,2023-12-27,85378,550,900,0,0
Amanda Russo,carterjames@example.com,IT,2024-01-15,69952,225,900,0,0
Jeanette Deleon,xodom@example.org,Finance,2024-01-19,76198,650,900,0,0
Mary King,hcarpenter@example.net,Engineering,2023-12-29,99184,525,900,0,0
Randy Hernandez,xwebb@example.net,Engineering,2024-01-21,31282,650,900,0,0
Michael Robinson,jeffreymason@example.com,HR,2024-01-22,67306,675,900,0,0
Samantha Coleman,bayers@example.org,HR,2024-01-07,89461,575,900,0,0
Jasmine Cummings,morrowpatrick@example.org,IT,2024-01-08,45976,425,900,0,0
Jennifer Keller,vargasjustin@example.net,HR,2024-01-16,16414,225,900,0,0
Wendy Dennis,tranrobert@example.com,Finance,2024-01-13,61693,350,900,0,0
David Sparks,skrueger@example.net,Finance,2023-12-30,52660,200,900,0,0
Julie Russell,brookegeorge@example.net,Engineering,2024-01-02,27712,325,900,0,0
Ashley Cole,meganroberson@example.org,Engineering,2024-01-20,78850,275,900,0,0
Susan Brown,triciagutierrez@example.org,IT,2024-01-02,19405,0,900,0,0
Amanda Miller,tristan17@example.com,Sales,2023-12-29,83569,75,900,0,0
David Tucker,cooperamber@example.com,Engineering,2024-01-19,16636,750,900,0,0
Cindy Wilkerson,hendersonrebecca@example.net,Finance,2024-01-16,97168,775,900,0,0
Wayne Johnson,ricky74@example.net,Sales,2024-01-05,75112,25,900,0,0
Christina Barrera,flowersjon@example.org,Finance,2024-01-16,71584,400,900,0,0
Sonia Watkins,julieshepherd@example.net,Sales,2024-01-08,47377,800,900,0,0
Louis Smith,zsmith@example.net,IT,2024-01-05,43570,625,900,0,0
Thomas Maxwell,thomascamacho@example.org,Engineering,2024-01-16,33694,525,900,0,0
Sarah Adams,qreid@example.org,HR,2023-12-28,74578,650,900,0,0
Brenda Andrade,lsanders@example.com,Sales,2024-01-03,62092,350,900,0,0
Ann Moon,adamkent@example.com,HR,2024-01-11,10552,0,900,0,0
Jeffrey Tanner,stephen51@example.com,HR,2023-12-28,86455,125,900,0,0
Jessica Perkins,lanemelissa@example.net,HR,2024-01-20,92176,475,900,0,0
Robert Gonzalez,charles55@example.net,Engineering,2024-01-16,12775,700,900,0,0
David Smith,scott49@example.org,Finance,2023-12-25,47644,175,900,0,0
Carrie Preston,james68@example.net,Finance,2024-01-07,77170,550,900,0,0
Stacy Warren,nathaniel88@example.org,Engineering,2024-01-23,58927,300,900,0,0
Raymond Smith,maryyu@example.org,Finance,2024-01-09,14758,375,900,0,0
Ryan Spencer,djones@example.org,Sales,2024-01-14,11035,725,900,0,0
Lawrence Scott,phawkins@example.net,Engineering,2024-01-21,10813,800,900,0,0
Alisha Johnson,collinsmichael@example.com,HR,2023-12-25,75931,750,900,0,0
Dr. Samantha Valenzuela,cory40@example.org,HR,2024-01-16,61687,400,900,0,0
Chelsea Chavez,carrollvictoria@example.org,Engineering,2024-01-03,78568,175,900,0,0
Jessica Barber,robinsonjane@example.org,IT,2024-01-11,45457,500,900,0,0
Lisa Williams,eduke@example.net,Engineering,2023-12-29,50473,125,900,0,0
Christina Landry,carrie33@example.net,Engineering,2023-12-29,41884,425,900,0,0
Trevor Clark,ucrawford@example.net,Sales,2024-01-23,25015,800,900,0,0
Isaiah Velazquez,ryantoni@example.net,Sales,2023-12-29,82093,575,900,0,0
Jasmine Foster,facosta@example.net,Engineering,2024-01-12,73135,375,900,0,0
Heather Wright,rkelley@example.com,Engineering,2024-01-05,15832,750,900,0,0
Lauren Porter,janicearellano@example.com,Sales,2024-01-05,62872,50,900,0,0
Kevin Fuller,julia48@example.com,Sales,2024-01-06,12670,550,900,0,0
Kyle Fry,bensonjessica@example.org,Engineering,2023-12-25,56110,275,900,0,0
Steven Hayes,briannielsen@example.org,IT,2024-01-13,21550,275,900,0,0
Larry Holmes,dgreer@example.net,Sales,2024-01-19,39025,525,900,0,0
Amy Acosta,leahhoward@example.org,IT,2024-01-07,91510,675,900,0,0
Jason Buck,james70@example.com,Finance,2023-12-25,53842,50,900,0,0
David Cook,johnsonbrooke@example.org,Engineering,2024-01-14,20572,175,900,0,0
Anne Martinez,tyleraustin@example.org,Finance,2024-01-03,75397,50,900,0,0
Frank Stevens,markedwards@example.com,IT,2024-01-22,90166,650,900,0,0
Kenneth White,lwilson@example.net,IT,2024-01-22,47254,650,900,0,0
Dakota French,seanatkinson@example.com,HR,2024-01-17,59143,650,900,0,0
Brian Hernandez,woodsalyssa@example.org,Sales,2024-01-05,48358,50,900,0,0
John Nguyen,hollandbrianna@example.com,IT,2023-12-30,34291,150,900,0,0
Dr. Douglas Strickland Jr.,newtontimothy@example.net,Finance,2024-01-20,37219,225,900,0,0
Justin Olsen,robertsthomas@example.com,Finance,2023-12-27,24499,125,900,0,0
Meghan Koch,hday@example.com,HR,2024-01-08,36154,750,900,0,0
Tyler Fritz,brandy98@example.net,HR,2024-01-08,49654,175,900,0,0
Mary Lee,kathy84@example.com,Sales,2024-01-12,64798,575,900,0,0
Victoria Cole,ogarza@example.org,IT,2024-01-20,35020,300,900,0,0
James Gallagher,eramirez@example.org,IT,2023-12-25,45787,675,900,0,0
Jeffrey Lee,susancardenas@example.org,Finance,2024-01-16,12817,0,900,0,0
Jamie Williams,rodneybishop@example.org,Engineering,2024-01-05,11815,350,900,0,0
Ian Whitaker,briana06@example.com,HR,2023-12-26,18229,200,900,0,0
Alexander Suarez,wrightjeffery@example.net,HR,2024-01-11,13246,725,900,0,0
Kathy Dunn,taylornorma@example.org,Finance,2024-01-11,97648,350,900,0,0
David Morris,morsebrooke@example.org,HR,2024-01-12,80770,375,900,0,0
Veronica Pace,bradleylinda@example.org,Finance,2024-01-21,55762,775,900,0,0
David Griffin,robertdaniel@example.com,Sales,2024-01-09,48979,275,900,0,0
Caleb Porter DDS,nicholsandrew@example.com,Sales,2024-01-18,55975,125,900,0,0
Scott Smith,pamthompson@example.net,Sales,2024-01-11,42292,500,900,0,0
Kara Lynn,phillip59@example.org,Sales,2024-01-14,89764,425,900,0,0
Anita Moore,davidbates@example.net,Finance,2023-12-25,63511,175,900,0,0
Stephanie Turner,frank48@example.com,Sales,2023-12-31,20902,725,900,0,0
Jason Hudson,herrerasandy@example.net,Finance,2023-12-25,44287,275,900,0,0
Ryan Harris,eric51@example.org,HR,2024-01-10,47842,400,900,0,0
Ronald Price,anthony23@example.org,Engineering,2024-01-08,41278,150,900,0,0
Edward Carlson,jill91@example.org,Engineering,2024-01-05,67615,25,900,0,0
Dr. Max Bautista,banderson@example.net,Sales,2024-01-21,11587,325,900,0,0
Rebecca Davidson,jonross@example.org,Engineering,2024-01-05,86485,600,900,0,0
Tyrone Morales,mitchellduke@example.com,IT,2024-01-11,82336,325,900,0,0
Tara Moon,hpacheco@example.com,Finance,2024-01-13,93877,800,900,0,0
Jennifer Morales,ryankathy@example.com,IT,2024-01-06,53644,475,900,0,0
Suzanne Hill,hsnyder@example.com,IT,2024-01-07,34771,25,900,0,0
Kathleen Hunter,jacquelinelong@example.org,Engineering,2023-12-29,16225,75,900,0,0
John Lopez,breanna10@example.com,HR,2024-01-06,75952,25,900,0,0
Michael Pennington,joannegilbert@example.net,IT,2024-01-06,63793,350,900,0,0
Timothy Adams DVM,jeremy39@example.org,IT,2024-01-11,22270,500,900,0,0
Richard Rogers,xerickson@example.org,Finance,2024-01-13,76816,550,900,0,0
Stacie Griffith,jasonmeyers@example.net,Finance,2024-01-12,46282,300,900,0,0
Tracy Wells,katherine25@example.org,Sales,2024-01-04,22399,700,900,0,0
Joseph Harrington,jeffrey18@example.net,HR,2024-01-08,20338,125,900,0,0
Paul Phillips,johnstonbenjamin@example.org,HR,2024-01-14,70030,450,900,0,0
Paul Stewart,khernandez@example.net,HR,2024-01-02,38626,800,900,0,0
Cynthia Smith,lawrence49@example.org,IT,2024-01-03,13540,175,900,0,0
Zachary Mcintyre,johnnysullivan@example.net,HR,2024-01-14,62848,300,900,0,0
Rodney Durham,lynchmary@example.net,IT,2023-12-28,55126,625,900,0,0
Noah Underwood,lewisjennifer@example.com,Finance,2023-12-31,14749,650,900,0,0
Connor Reynolds,craigwilliams@example.org,IT,2023-12-25,87127,475,900,0,0
Cynthia Duncan,jenningsjohn@example.com,HR,2024-01-16,83128,0,900,0,0
Tracy Strong,prestondaniel@example.org,HR,2023-12-29,93391,250,900,0,0
Robert Burton PhD,megan78@example.com,HR,2024-01-22,16642,800,900,0,0
Joseph Adams,joseph88@example.net,Engineering,2024-01-04,47824,475,900,0,0
Alec Jones,joshua08@example.net,HR,2024-01-14,66013,575,900,0,0
Monica Baird,michelesimmons@example.net,Sales,2024-01-07,22504,0,900,0,0
Janet Long,kellyhood@example.com,Sales,2024-01-18,18649,675,900,0,0
Joshua Yang,robert10@example.com,Sales,2024-01-23,76414,500,900,0,0
Kimberly West,figueroatanya@example.org,HR,2024-01-21,48361,225,900,0,0
Erica Gonzalez,schmittryan@example.net,Engineering,2023-12-25,77485,0,900,0,0
Michelle Manning,terryrobert@example.com,Engineering,2024-01-11,51850,800,900,0,0
Dennis Murray,millsronald@example.com,HR,2024-01-12,69946,350,900,0,0
Latasha Matthews,fchung@example.com,Finance,2024-01-13,10141,775,900,0,0
Erin Blackwell,zscott@example.org,Engineering,2023-12-27,76162,175,900,0,0
Brandon Combs,derekzimmerman@example.org,Engineering,2024-01-21,28507,550,900,0,0
Jessica Collins,amyhouston@example.org,IT,2023-12-27,15058,525,900,0,0
Justin Diaz,lauriebrown@example.net,Sales,2024-01-09,37078,125,900,0,0
Leonard Dawson,brucereed@example.com,Sales,2024-01-15,53566,225,900,0,0
Mr. Anthony Oliver,samuel28@example.net,Finance,2023-12-27,12301,775,900,0,0
Emma West,vpowell@example.com,Engineering,2024-01-21,60172,400,900,0,0
Rachel Wright,mdiaz@example.com,Finance,2023-12-27,63700,675,900,0,0
Daniel Norman,charles85@example.com,Sales,2024-01-04,98698,125,900,0,0
Anna Sherman,campbellkeith@example.com,Engineering,2024-01-19,48232,625,900,0,0
Mr. Adam Rios,edwardmorris@example.com,HR,2023-12-29,19078,125,900,0,0
Kari Reed,danajuarez@example.org,Finance,2024-01-01,92575,50,900,0,0
Margaret Rodriguez,laurapennington@example.net,IT,2024-01-20,85624,250,900,0,0
Jonathan Oliver,nmccormick@example.com,Finance,2024-01-18,53815,475,900,0,0
Brian Ayala,slarson@example.net,Engineering,2024-01-20,24217,750,900,0,0
Cheryl Padilla,justin20@example.net,Engineering,2024-01-15,61171,625,900,0,0
Willie Walker,keithpatrick@example.com,IT,2024-01-14,37030,350,900,0,0
David Harris,wesleymoore@example.net,Sales,2024-01-10,54145,625,900,0,0
Emma Poole,zacharyortega@example.org,Sales,2024-01-13,35482,800,900,0,0
Anthony Hays,jamesmckinney@example.net,HR,2024-01-20,24058,25,900,0,0
Ana Smith,heather71@example.org,IT,2024-01-07,86455,725,900,0,0
Nicholas Page,gbradford@example.org,Sales,2023-12-27,45133,225,900,0,0
Christian Vargas,vadams@example.org,Engineering,2023-12-25,41749,175,900,0,0
Brittany Garza,crystal27@example.net,IT,2024-01-13,46396,525,900,0,0
Maria Love,salinasaustin@example.org,Engineering,2024-01-07,37018,275,900,0,0
Evelyn Gonzales,vanessa83@example.net,IT,2024-01-21,45967,0,900,0,0
Renee Duran,gabriellayang@example.net,Finance,2023-12-31,65920,675,900,0,0
Joanna Garcia,kleinkimberly@example.com,Sales,2024-01-06,51703,450,900,0,0
Jonathon Miller,andrea14@example.org,Sales,2024-01-17,42385,650,900,0,0
Randy Thompson,lisapugh@example.com,Finance,2024-01-03,11137,225,900,0,0
Brandon Stewart,zavalaelizabeth@example.com,HR,2024-01-08,33763,500,900,0,0
Katherine Sullivan,chrisrush@example.org,Engineering,2024-01-22,85108,25,900,0,0
Vanessa Gonzalez,doyleanna@example.org,IT,2024-01-21,24601,125,900,0,0
Billy Dillon DDS,ashleyharrington@example.com,Engineering,2024-01-10,47212,200,900,0,0
David Reynolds,marquezgloria@example.com,IT,2024-01-23,89458,250,900,0,0
Tonya Scott,madeline67@example.net,HR,2024-01-05,28579,425,900,0,0
Paige Reid,morganchen@example.org,Finance,2024-01-06,67336,250,900,0,0
Michelle Lopez,mparsons@example.net,Sales,2024-01-01,28762,650,900,0,0
Erin Johnson,scott37@example.com,Engineering,2024-01-23,16495,275,900,0,0
Susan Allen,johnstonruben@example.com,Engineering,2024-01-19,30016,100,900,0,0
Travis Evans,granthughes@example.org,IT,2024-01-04,53296,0,900,0,0
Charles Robinson,donald36@example.net,Finance,2024-01-10,45412,250,900,0,0
James Huynh,mariomorse@example.org,HR,2024-01-10,65920,600,900,0,0
Vincent Miller,wendyellison@example.com,HR,2024-01-03,23329,325,900,0,0
Crystal Vasquez,morrowmolly@example.com,IT,2024-01-16,54604,125,900,0,0
Angela Hayes,wreyes@example.org,Engineering,2024-01-21,58702,100,900,0,0
Mark Williams,shawnjohnson@example.net,IT,2024-01-22,44110,725,900,0,0
Jennifer Benjamin,karinalittle@example.net,IT,2023-12-25,95089,350,900,0,0
Candice Williams,seandavis@example.org,Sales,2023-12-28,53437,750,900,0,0
Dr. Angela Morris,hmendez@example.org,IT,2023-12-27,86593,225,900,0,0
Stephanie Hamilton,angela12@example.com,Finance,2024-01-01,72202,400,900,0,0
Jenny Jackson,kingamanda@example.org,Finance,2024-01-09,78787,125,900,0,0
Joshua Jones,cynthia98@example.com,HR,2023-12-25,14077,150,900,0,0
Joshua Carpenter,vdurham@example.net,Finance,2024-01-19,46357,250,900,0,0
Linda Solis,gregorydavis@example.org,HR,2024-01-12,97090,175,900,0,0
Kelly Hansen,baileysteven@example.com,Finance,2024-01-17,94024,250,900,0,0
Mark Mcdowell,melissaleonard@example.net,Finance,2023-12-31,57925,550,900,0,0
Craig Patterson,pnielsen@example.net,IT,2024-01-16,35095,300,900,0,0
Robert Dunn,taylorruth@example.com,IT,2024-01-16,89404,800,900,0,0
Kayla Shelton,martinmarcus@example.net,Engineering,2024-01-05,62110,25,900,0,0
Jose Barnes,heatherwalsh@example.com,Sales,2024-01-22,55600,300,900,0,0
Sean Henson,batesandrea@example.org,HR,2024-01-06,18844,175,900,0,0
Charles Rose,brian77@example.com,Sales,2023-12-25,50131,800,900,0,0
Kimberly Williams,hestrada@example.org,Engineering,2024-01-22,90583,625,900,0,0
Tyler Hamilton,lloydemily@example.com,IT,2024-01-08,66616,675,900,0,0
Kevin Wilson,harperjessica@example.org,Engineering,2023-12-27,97960,775,900,0,0
Tabitha Ferguson,ronald16@example.org,Sales,2024-01-09,70117,425,900,0,0
Wesley Smith,spencer94@example.com,Sales,2024-01-23,77296,175,900,0,0
Margaret Miles,ealexander@example.com,IT,2024-01-16,24196,150,900,0,0
Willie Mitchell,lisa30@example.com,Finance,2024-01-20,31831,0,900,0,0
Justin Petersen,robbinscarolyn@example.net,Engineering,2024-01-21,16129,400,900,0,0
Lisa Williams,michael27@example.net,Sales,2024-01-21,26461,225,900,0,0
Monica Scott,johnsonbradley@example.com,HR,2023-12-25,70144,500,900,0,0
Brianna Adkins,kaylee18@example.org,HR,2024-01-22,70708,800,900,0,0
Vincent Schaefer,oclarke@example.com,Engineering,2023-12-28,88711,450,900,0,0
Jacqueline Gill,tparker@example.org,HR,2024-01-09,11956,300,900,0,0
Melissa Maddox,lisahunter@example.org,Engineering,2024-01-17,50122,150,900,0,0
Luis Franco,bwood@example.org,Sales,2024-01-03,47422,150,900,0,0
Maria Church,john21@example.net,IT,2024-01-19,40993,75,900,0,0
Dr. Sarah Zamora,craignicholas@example.net,Finance,2024-01-04,64192,650,900,0,0
Jason Castillo,nicholas06@example.org,Engineering,2024-01-09,46519,600,900,0,0
Christine Hill,lewisangela@example.org,Engineering,2024-01-18,88219,175,900,0,0
Matthew Moore,austinandrew@example.com,HR,2024-01-12,18898,175,900,0,0
Sheila Smith,evaughan@example.org,Sales,2023-12-30,47470,650,900,0,0
John Lewis,michael04@example.com,Engineering,2024-01-10,26662,75,900,0,0
James French,fwright@example.com,IT,2024-01-09,24880,250,900,0,0
Alex Sparks,icampbell@example.com,Engineering,2024-01-20,91627,450,900,0,0
Carlos Wells,richarddurham@example.com,Sales,2024-01-19,92386,750,900,0,0
Christopher Smith,sandravargas@example.com,IT,2023-12-28,53890,550,900,0,0
Andrew Cummings,scottalicia@example.org,HR,2024-01-23,50827,475,900,0,0
Crystal Bender,daniel55@example.com,Finance,2024-01-08,74452,50,900,0,0
Jeffrey Robinson,johnstanton@example.net,Engineering,2024-01-12,98224,800,900,0,0
Sheena Scott,bjohnson@example.net,Sales,2023-12-30,21394,725,900,0,0
Paul Keller,strongmichelle@example.net,Engineering,2023-12-26,33160,750,900,0,0
Andrew Williams,michaelatkinson@example.com,Sales,2024-01-16,39256,575,900,0,0
Jodi Parker,daniel48@example.net,IT,2024-01-22,46294,150,900,0,0
Erin Fields,mnelson@example.net,Sales,2023-12-31,36733,350,900,0,0
Ashley Turner,markwilliams@example.net,Finance,2023-12-29,78112,725,900,0,0
Maria Smith,pgomez@example.net,Engineering,2024-01-23,18292,650,900,0,0
Brian Mitchell,barbara94@example.com,HR,2024-01-02,96424,600,900,0,0
Darlene Leon,hreynolds@example.net,IT,2024-01-16,73138,50,900,0,0
Emily Martinez,jennymartinez@example.com,HR,2023-12-28,33742,700,900,0,0
Troy Phillips,zadams@example.org,Engineering,2024-01-16,23680,800,900,0,0
Adrian Austin,scottgerald@example.net,HR,2024-01-14,12568,200,900,0,0
Kevin Turner,shawanna@example.com,IT,2024-01-02,70300,50,900,0,0
Kristin Schultz,debradawson@example.net,IT,2024-01-20,21586,625,900,0,0
Brian Ramos,bcraig@example.com,HR,2024-01-12,94915,800,900,0,0
Norma Frye,gsaunders@example.org,Finance,2023-12-31,67075,525,900,0,0
Daniel Mcpherson,laurie89@example.net,Finance,2023-12-30,90352,350,900,0,0
Andrew Rowe,andrewhunter@example.net,Engineering,2024-01-10,84571,650,900,0,0
Matthew Miller,jamie73@example.net,Finance,2024-01-09,51436,575,900,0,0
Adrian Wilson,erikataylor@example.net,Finance,2023-12-28,30646,400,900,0,0
Alexander Anderson,stephen85@example.net,IT,2023-12-27,60136,550,900,0,0
Jordan Mann,benderjoseph@example.org,Finance,2024-01-01,11962,250,900,0,0
Rose Rubio,carrie66@example.com,Engineering,2024-01-03,47620,575,900,0,0
Ian Bryant,john77@example.net,HR,2024-01-04,79762,375,900,0,0
Erin Salazar,brenda64@example.com,Engineering,2023-12-26,81124,650,900,0,0
Stephanie Garcia,pkelley@example.net,IT,2023-12-28,21823,500,900,0,0
Jill Mcpherson,vhuynh@example.org,Finance,2023-12-25,98266,25,900,0,0
Nicholas Vance,brian14@example.org,Sales,2023-12-30,51715,425,900,0,0
Bianca Rivera,amy62@example.com,IT,2024-01-20,93208,325,900,0,0
David Good,suesherman@example.org,Engineering,2023-12-30,16786,175,900,0,0
Amy Williams,dkelly@example.net,Sales,2024-01-04,75898,625,900,0,0
Mrs. Renee Lopez,hesschristine@example.com,IT,2023-12-28,35350,150,900,0,0
Kenneth Phillips,ashleyrhodes@example.com,Finance,2024-01-18,15121,375,900,0,0
Ryan Smith,ksmith@example.net,Finance,2024-01-22,86941,175,900,0,0
Felicia Murray,brittany35@example.org,IT,2023-12-29,23032,625,900,0,0
Anna Sanders,zfletcher@example.org,Sales,2023-12-31,51628,175,900,0,0
Alexander Houston,kaylarobinson@example.org,Sales,2024-01-08,38152,125,900,0,0
Vincent Ford Jr.,vsimmons@example.com,IT,2024-01-09,49939,625,900,0,0
Hannah Montoya MD,jennifer41@example.org,HR,2024-01-19,43243,300,900,0,0
James Ellis,raven05@example.com,IT,2024-01-22,74626,175,900,0,0
Jason Foster,kennedyryan@example.com,Sales,2024-01-04,92950,150,900,0,0
Alyssa Williams,mcfarlandmarisa@example.org,Finance,2024-01-06,31327,750,900,0,0
Christina Goodwin,jessicamccormick@example.org,Engineering,2023-12-30,70837,150,900,0,0
James Green,sarah95@example.com,IT,2024-01-17,46264,800,900,0,0
Angela Brewer,philipphelps@example.com,Finance,2024-01-13,76249,350,900,0,0
Annette Nash,zgiles@example.net,HR,2024-01-01,75724,725,900,0,0
Madison Peterson,torresbeverly@example.org,Finance,2023-12-29,30289,150,900,0,0
Samantha Mccormick,gabriellafrank@example.org,IT,2024-01-05,68998,100,900,0,0
Casey Cole,seanwright@example.net,HR,2023-12-29,79753,200,900,0,0
Samantha Evans,ericrobinson@example.org,HR,2024-01-11,66979,175,900,0,0
Phillip Cox,eileenjohnson@example.net,Engineering,2024-01-18,38077,50,900,0,0
Jaime Flores,danielle10@example.net,Finance,2024-01-01,15574,525,900,0,0
David Silva,vaughnkatie@example.com,Engineering,2024-01-06,45517,300,900,0,0
Juan Gibson,donald66@example.net,HR,2024-01-19,54385,0,900,0,0
Alexandra Sanchez,jennifer82@example.com,Finance,2024-01-23,72328,50,900,0,0
Joshua Joseph,kyle02@example.com,HR,2023-12-28,46699,300,900,0,0
Connie Johnson,mario27@example.com,IT,2023-12-27,31630,375,900,0,0
Nancy Harvey,ecase@example.org,Finance,2023-12-29,15457,750,900,0,0
Amanda Walsh,stephaniedelgado@example.com,Finance,2023-12-26,14284,0,900,0,0
Carmen Chavez,jonesjodi@example.net,Sales,2023-12-29,82528,475,900,0,0
Jason Garcia,christopherdixon@example.com,HR,2024-01-18,47269,75,900,0,0
Brian Watson,javier93@example.com,IT,2023-12-31,13870,700,900,0,0
Andre Bates,bowenjeffrey@example.org,Finance,2024-01-11,99763,325,900,0,0
Brent Lawson,zmccann@example.org,HR,2024-01-16,44722,475,900,0,0
Virginia Murillo,samuel28@example.org,HR,2024-01-19,37636,275,900,0,0
Nicole Johnson,vickie86@example.org,Finance,2024-01-23,50095,100,900,0,0
Amy Adams,eddiejones@example.com,Engineering,2023-12-28,31672,550,900,0,0
Casey Brown,andersonwendy@example.org,HR,2023-12-31,23485,600,900,0,0
Hunter Brown,martindonna@example.net,Engineering,2023-12-27,61663,625,900,0,0
Jennifer Mejia,ubeasley@example.com,IT,2024-01-22,26944,750,900,0,0
Theresa Byrd,areynolds@example.net,IT,2023-12-27,29545,725,900,0,0
Ronald Oliver,stephencox@example.net,Sales,2024-01-17,13267,100,900,0,0
Lori Strong,jessicaperry@example.org,IT,2024-01-10,77869,325,900,0,0
Lisa Flores,jasminedillon@example.net,Engineering,2024-01-10,77296,575,900,0,0
Joanne Bowman,dmcbride@example.com,IT,2024-01-12,47440,375,900,0,0
Lisa Hopkins,rwilliams@example.net,Engineering,2024-01-03,36595,125,900,0,0
Sandra Santos,todd86@example.com,IT,2023-12-26,20992,200,900,0,0
Samantha Duke,gonzalezchristopher@example.net,Finance,2023-12-31,40276,150,900,0,0
Vanessa Barnett,smithdonald@example.com,Sales,2023-12-26,65830,275,900,0,0
Robert Cole,imata@example.net,IT,2023-12-26,46744,25,900,0,0
Lindsey Haley,jbarker@example.org,IT,2024-01-17,74917,800,900,0,0
Nathaniel Smith DDS,jkim@example.com,Finance,2024-01-13,83518,500,900,0,0
Mackenzie Kennedy,brandon40@example.net,Finance,2023-12-28,37840,50,900,0,0
Christy Baker,hernandezkristen@example.com,Engineering,2024-01-21,42187,200,900,0,0
Taylor Copeland,tonya68@example.net,Sales,2024-01-11,58009,275,900,0,0
Katie Rodriguez,robertskaren@example.org,Engineering,2024-01-22,65245,800,900,0,0
Daniel Roberts,sacevedo@example.net,Sales,2024-01-23,65887,125,900,0,0
Daniel Lopez,lauren92@example.org,Engineering,2024-01-12,46897,425,900,0,0
Lindsey Keller,evan33@example.org,Finance,2024-01-12,64201,625,900,0,0
Edward Compton,rcarter@example.org,Engineering,2024-01-01,61717,450,900,0,0
Emily Wright,cassidydillon@example.com,HR,2024-01-20,20242,125,900,0,0
Amber Gould,kriddle@example.com,Finance,2024-01-19,86338,700,900,0,0
John House,williamkim@example.com,HR,2024-01-13,66076,475,900,0,0
Kayla Jones,nlewis@example.net,Engineering,2024-01-11,33322,550,900,0,0
Rebecca Jones,jill57@example.net,Engineering,2024-01-17,12631,800,900,0,0
Jessica Willis,mflores@example.org,Engineering,2024-01-20,94663,150,900,0,0
Michael Wiggins,morseamy@example.net,Engineering,2024-01-03,74761,700,900,0,0
Andrea Salazar,hochoa@example.org,IT,2024-01-10,59368,0,900,0,0
Deborah Bell,lindseytonya@example.net,Engineering,2024-01-14,96505,775,900,0,0
Rose Norris,masonrobert@example.com,Engineering,2023-12-26,24382,300,900,0,0
Jeremy Leon,krivas@example.org,HR,2024-01-07,48241,50,900,0,0
Nathan Miller,rodriguezsandra@example.com,Engineering,2024-01-19,10138,50,900,0,0
Andrew Ford,barnettdaniel@example.net,Engineering,2023-12-27,29812,700,900,0,0
Jordan Paul,petersonadam@example.org,Engineering,2024-01-12,32581,200,900,0,0
Ashley Warner,kellyroman@example.com,HR,2024-01-03,13816,500,900,0,0
Sean Mitchell,gavin62@example.org,Sales,2023-12-25,61894,175,900,0,0
Kenneth Robertson,michelle32@example.net,HR,2024-01-09,89251,625,900,0,0
Justin Allen,asimpson@example.net,HR,2024-01-02,71587,425,900,0,0
Thomas Osborn,williamwilliams@example.com,Sales,2024-01-01,47020,475,900,0,0
Angela Delgado,wardkenneth@example.net,IT,2024-01-10,41488,100,900,0,0
Susan Holt,ashleyblake@example.net,Engineering,2024-01-23,45133,100,900,0,0
Mr. John Miller,marshallmichael@example.com,Engineering,2024-01-20,31657,350,900,0,0
Brian Garcia,christopher83@example.org,Engineering,2024-01-18,26731,0,900,0,0
Carrie Arnold,msosa@example.net,IT,2024-01-05,86719,525,900,0,0
Kristin Hall,edwardswendy@example.org,Engineering,2024-01-04,75142,175,900,0,0
Jason King,hhopkins@example.net,IT,2024-01-07,82606,675,900,0,0
Michelle Morales,groberts@example.com,Engineering,2024-01-14,12400,50,900,0,0
Evan Wiggins,wanderson@example.com,Sales,2024-01-05,15937,250,900,0,0
Daniel Martin,margaret28@example.net,Engineering,2024-01-05,88894,525,900,0,0
Jessica Holt,obryant@example.net,Engineering,2023-12-31,32992,325,900,0,0
Rebecca Hicks,gesparza@example.org,IT,2024-01-17,49204,100,900,0,0
Michelle Johnson,angelaschneider@example.org,Engineering,2024-01-18,42742,450,900,0,0
Ebony Castro,reedamy@example.net,HR,2023-12-31,68056,375,900,0,0
Kevin Cox,imorales@example.net,Sales,2024-01-12,83584,200,900,0,0
Duane Marquez,uhampton@example.org,Finance,2024-01-21,21913,125,900,0,0
Kenneth Powell,adam22@example.com,IT,2024-01-21,86230,275,900,0,0
Ashley Bradley,heathermurray@example.org,Finance,2024-01-01,63964,225,900,0,0
Adam Wolfe,bruceberry@example.com,Sales,2024-01-16,70861,775,900,0,0
Lisa Harris,zking@example.net,HR,2024-01-04,96970,700,900,0,0
Sheri Haley,russellkelsey@example.org,IT,2024-01-10,39868,675,900,0,0
Michael Dorsey,martinjared@example.net,IT,2023-12-29,26575,350,900,0,0
Melinda Wallace,lyu@example.com,Engineering,2024-01-23,74437,675,900,0,0
Jesus Silva,icarpenter@example.net,Engineering,2024-01-01,21925,175,900,0,0
Eric Dunn,sharpjohn@example.com,IT,2024-01-06,39295,525,900,0,0
Bianca Elliott,john83@example.org,Sales,2024-01-15,57202,575,900,0,0
Mrs. Sherry Martin,kkelley@example.net,Sales,2024-01-21,58744,425,900,0,0
Terrence Beck,jeffsutton@example.com,Engineering,2024-01-16,27682,300,900,0,0
Janet Rodgers,michaelrobinson@example.org,IT,2024-01-23,43369,550,900,0,0
Willie Jordan,tgonzalez@example.com,Finance,2024-01-10,84430,525,900,0,0
Mark Bush,brooke42@example.org,IT,2024-01-22,64792,375,900,0,0
Roger Wilson,jmiles@example.com,Finance,2023-12-25,48922,500,900,0,0
Wayne Spears,arnoldjohn@example.net,Engineering,2024-01-17,62236,675,900,0,0
Patricia Morales,natalie86@example.com,Sales,2023-12-31,34234,225,900,0,0
Richard Watson,yrowe@example.com,Finance,2024-01-10,44164,525,900,0,0
Andrea Williams,morrislaura@example.net,Finance,2023-12-31,52078,750,900,0,0
Mr. Joseph Miller,bradley13@example.com,IT,2024-01-12,83353,525,900,0,0
Cory Thompson,andersondebra@example.org,Sales,2023-12-30,58135,450,900,0,0
Michael Alvarez,charlene02@example.net,Engineering,2024-01-01,30256,525,900,0,0
Brandy Kane,lisaaguilar@example.com,HR,2024-01-10,38578,400,900,0,0
Randy Ramos,kimstone@example.org,Sales,2024-01-17,81214,550,900,0,0
Lisa Garner,monicathompson@example.com,Engineering,2024-01-15,59755,575,900,0,0
Steven Bell,littlebrian@example.net,Engineering,2024-01-15,55357,450,900,0,0
Joe Garcia,aliciahill@example.org,Sales,2024-01-12,49498,700,900,0,0
Mrs. Crystal Garcia MD,lawsonjessica@example.net,Finance,2024-01-17,69268,150,900,0,0
Joseph Petersen,tylerdaniels@example.net,Finance,2023-12-28,24286,50,900,0,0
Robert Grant,stacy10@example.org,Engineering,2023-12-27,60106,675,900,0,0
Allen Gonzalez,brian79@example.com,Sales,2024-01-02,63421,675,900,0,0
Jonathan Green,hvaughn@example.net,Finance,2024-01-13,72682,25,900,0,0
Sarah Pitts,ashley95@example.org,IT,2024-01-03,97606,775,900,0,0
Kevin Schmidt,wgraves@example.com,Engineering,2024-01-14,27928,150,900,0,0
Paula Scott,jacksonjennifer@example.net,Sales,2024-01-19,95458,800,900,0,0
Stephanie Thompson,njackson@example.com,IT,2023-12-31,82987,675,900,0,0
Christy Jones,zachary95@example.org,Finance,2024-01-06,98698,250,900,0,0
Craig Skinner,matthewgeorge@example.com,HR,2024-01-02,12145,750,900,0,0
Brandy Ruiz,moorejose@example.net,Sales,2024-01-21,37714,350,900,0,0
Michael Taylor,harmonsherri@example.org,IT,2024-01-08,21595,0,900,0,0
James Evans,wthomas@example.org,Engineering,2023-12-31,14446,775,900,0,0
Kevin Brown,jessica62@example.com,Sales,2024-01-13,54259,250,900,0,0
Robert Barton,adamsjeremy@example.org,HR,2024-01-01,74896,725,900,0,0
Lisa Ware,alison83@example.org,HR,2024-01-15,58057,425,900,0,0
John Larson,norma12@example.org,Engineering,2024-01-12,85252,625,900,0,0
Kelly Olson,barnesdarlene@example.org,Sales,2024-01-06,50809,200,900,0,0
Timothy Wu,oross@example.org,Sales,2024-01-19,84802,300,900,0,0
Ashley Hodges,gbooker@example.net,HR,2023-12-27,88717,725,900,0,0
Anthony Garcia,sandramcmahon@example.com,Sales,2024-01-03,76126,500,900,0,0
Carl Thornton,daniel31@example.com,IT,2023-12-26,88327,550,900,0,0
Matthew Gates,victorwagner@example.net,HR,2024-01-22,90607,100,900,0,0
Kyle Carr MD,hollyrodriguez@example.net,HR,2024-01-20,38116,775,900,0,0
Vanessa Waters,kyle41@example.org,HR,2024-01-05,88498,325,900,0,0
Patrick Thomas,meghangarrison@example.org,Finance,2024-01-11,65923,250,900,0,0
Kellie Johnson,michele47@example.org,Sales,2024-01-03,40192,100,900,0,0
Meghan Ryan,vargasmark@example.net,Engineering,2024-01-13,67513,200,900,0,0
Tina Brown,osmith@example.net,IT,2024-01-10,36124,725,900,0,0
Julie Brooks,elizabeth40@example.com,Engineering,2024-01-18,68089,650,900,0,0
Anthony Richardson,carlalowery@example.com,HR,2024-01-16,32998,800,900,0,0
David Barnett,ryanfranklin@example.com,Engineering,2023-12-30,55126,125,900,0,0
Joseph Peterson,meadowsharry@example.net,Finance,2023-12-28,88627,25,900,0,0
Ryan Christian PhD,rebeccacooper@example.net,Engineering,2024-01-07,93043,225,900,0,0
Alison Mitchell,qcook@example.org,Sales,2024-01-01,42667,350,900,0,0
Lance Thompson,katie21@example.org,Engineering,2024-01-18,37015,200,900,0,0
Mrs. Amanda Johnson,qhowell@example.net,Finance,2024-01-10,60325,200,900,0,0
Derrick Scott,kshelton@example.net,Finance,2024-01-15,25399,775,900,0,0
Jenny Clark,robintorres@example.net,Engineering,2024-01-10,50875,575,900,0,0
Heidi Bautista,keith93@example.net,Sales,2024-01-06,95860,600,900,0,0
Scott Richardson,lambdavid@example.net,Finance,2023-12-29,79483,200,900,0,0
Victor Gordon,rsmith@example.org,Engineering,2024-01-06,34645,150,900,0,0
Anthony Hardin,smiller@example.net,HR,2024-01-18,19945,275,900,0,0
Mr. Dustin Williamson,tjones@example.org,IT,2023-12-26,35107,550,900,0,0
Alicia Evans,sheriking@example.org,IT,2024-01-22,10015,200,900,0,0
Selena Manning,catherinemontgomery@example.net,IT,2024-01-05,71632,775,900,0,0
Mrs. Teresa Parker,heatherglover@example.net,Finance,2024-01-04,58249,225,900,0,0
Christopher Rodriguez,melissa35@example.org,HR,2024-01-16,62803,450,900,0,0
Eric Rogers,ydeleon@example.net,Engineering,2023-12-25,68212,750,900,0,0
Annette Oliver,dcampbell@example.org,HR,2024-01-11,79654,100,900,0,0
Nancy Shields,lisa02@example.net,Sales,2024-01-18,51871,475,900,0,0
Gene Vargas,bassdwayne@example.net,Engineering,2024-01-14,97852,375,900,0,0
Shane Schaefer,pinedaangel@example.org,Finance,2024-01-08,25150,800,900,0,0
Keith Weaver,elizabeth35@example.org,Engineering,2024-01-15,69952,500,900,0,0
Rhonda Rush,cassandradavis@example.org,HR,2024-01-20,46039,175,900,0,0
Kimberly Strickland,leonarddaryl@example.net,HR,2023-12-25,88156,475,900,0,0
Charles Jones,ewheeler@example.net,HR,2024-01-22,42256,425,900,0,0
Alexa Travis,rachel06@example.com,Finance,2024-01-20,47986,0,900,0,0
Sara Williams,jacob76@example.org,Finance,2024-01-17,45127,650,900,0,0
Anthony Mason MD,doylejamie@example.com,IT,2023-12-28,57460,700,900,0,0
Michelle Wilson,timothyhall@example.net,Finance,2024-01-15,14476,725,900,0,0
Teresa Wells,steven27@example.net,IT,2024-01-08,24376,375,900,0,0
Anna Trujillo,dixonvictoria@example.com,Sales,2024-01-16,41131,50,900,0,0
Katherine Berry,amandasmith@example.com,IT,2024-01-12,57550,625,900,0,0
Vanessa Willis,robertskelsey@example.net,Finance,2024-01-07,77404,500,900,0,0
Vanessa Evans,fwells@example.org,Finance,2024-01-01,73186,650,900,0,0
Steven Ballard,yorkfrank@example.net,Finance,2024-01-22,88876,150,900,0,0
David Hendrix,jonesjennifer@example.org,HR,2024-01-03,49246,550,900,0,0
Jason Clark,wrightandrea@example.com,Sales,2023-12-28,13681,525,900,0,0
Angelica Hernandez,rodriguezlarry@example.com,HR,2024-01-13,24235,25,900,0,0
Alice Patterson,curryholly@example.net,Sales,2023-12-30,21067,675,900,0,0
Anthony Franklin,qnavarro@example.net,HR,2024-01-13,84385,725,900,0,0
Emily Freeman,louisbaker@example.net,IT,2024-01-01,90994,325,900,0,0
Michael Johnson,michael01@example.net,Finance,2024-01-11,19048,100,900,0,0
Justin Booth,brooke10@example.net,Sales,2024-01-16,16105,25,900,0,0
Nicholas Clark,arnoldmichael@example.com,IT,2024-01-07,77617,75,900,0,0
Johnny Sullivan,charleshaley@example.com,IT,2023-12-26,11935,625,900,0,0
Jonathan Mack,smithshawn@example.com,HR,2024-01-03,99538,100,900,0,0
Jim Lewis,ghernandez@example.com,IT,2024-01-15,25402,275,900,0,0
Laura Davis,scottthomas@example.net,HR,2023-12-31,85681,175,900,0,0
Natalie Walls,michael02@example.org,IT,2024-01-11,64918,525,900,0,0
Krista Wood,nbarrett@example.org,Finance,2024-01-15,45142,100,900,0,0
Jeremy Chan,iweaver@example.com,Engineering,2024-01-03,26533,650,900,0,0
William Keller,timothysimpson@example.com,Finance,2024-01-01,82672,775,900,0,0
Jesse Nelson,jasoncarlson@example.com,Engineering,2024-01-05,44356,625,900,0,0
Tina Garcia,annette19@example.net,Sales,2023-12-28,54721,525,900,0,0
Aaron Harvey,amber56@example.com,HR,2024-01-09,64309,125,900,0,0
Martin Barnes,gillerin@example.org,Sales,2024-01-01,71521,525,900,0,0
Laura Lambert,jamie11@example.com,IT,2023-12-25,37930,75,900,0,0
Bradley Mathis,cunninghamclifford@example.org,Engineering,2024-01-15,14977,775,900,0,0
Matthew Reid,thomas26@example.org,Engineering,2023-12-26,54013,675,900,0,0
Kyle Thomas,egonzalez@example.net,HR,2024-01-01,31267,225,900,0,0
Jade Gutierrez PhD,caitlynrodriguez@example.com,IT,2024-01-18,61066,525,900,0,0
Dalton Mcgrath,robinmedina@example.com,IT,2024-01-05,70042,250,900,0,0
Jose Martinez,cliffordnewton@example.com,IT,2024-01-18,22138,650,900,0,0
Nicholas Newman,joneskellie@example.com,Engineering,2023-12-29,22396,400,900,0,0
Kimberly Tanner,plee@example.org,Finance,2024-01-12,32386,750,900,0,0
Alyssa Black,dstevens@example.org,IT,2023-12-28,69472,700,900,0,0
Amy Wilson,leryan@example.net,IT,2024-01-10,17044,375,900,0,0
Martin Dean,katherine82@example.org,Engineering,2024-01-14,60367,725,900,0,0
Nancy Macdonald,derrickwalker@example.com,Engineering,2024-01-18,42613,250,900,0,0
Joshua Dodson,ztaylor@example.com,IT,2024-01-11,53704,750,900,0,0
Erin Mccoy,bridget13@example.net,IT,2024-01-12,69706,350,900,0,0
Lisa Holmes DDS,gary10@example.net,Sales,2024-01-05,91666,175,900,0,0
Marvin Garrett,woliver@example.org,HR,2024-01-22,50533,725,900,0,0
Dylan Mueller,kgarcia@example.org,Engineering,2024-01-02,66475,275,900,0,0
Tammy Castaneda,rachelwilkinson@example.org,Sales,2024-01-22,74518,325,900,0,0
Paul Rodriguez,stephanie29@example.net,HR,2024-01-05,39751,725,900,0,0
Laura Alvarez,gjackson@example.org,Engineering,2024-01-06,94480,200,900,0,0
Nicole Johnston,medinarobert@example.com,Sales,2023-12-30,20158,125,900,0,0
Justin Chang,debraadams@example.net,IT,2024-01-22,24481,250,900,0,0
Daniel Clark,brownmarcus@example.net,Sales,2024-01-19,27724,675,900,0,0
Michael Bender,nharmon@example.com,IT,2024-01-06,11725,250,900,0,0
Tracy Phillips,saraholson@example.com,Engineering,2024-01-17,96313,150,900,0,0
Lisa Cantu,kathryn13@example.org,Sales,2024-01-13,93799,775,900,0,0
Courtney Rogers,patrickjohnson@example.org,Finance,2024-01-05,99010,50,900,0,0
Edwin Clayton,elizabethvasquez@example.com,IT,2024-01-03,35848,675,900,0,0
Gabriela Park,flarson@example.net,Finance,2024-01-02,31741,175,900,0,0
Richard Morris,allenkatelyn@example.net,IT,2024-01-07,66733,525,900,0,0
Christian Glass,wperry@example.org,Engineering,2024-01-03,35368,175,900,0,0
Philip Allen,anthonydickerson@example.org,Engineering,2024-01-20,84643,250,900,0,0
Stacey Collins,daughertymatthew@example.net,HR,2023-12-31,10648,325,900,0,0
Mary Mccann,abailey@example.org,Engineering,2024-01-02,91990,475,900,0,0
Heather Coleman,sydneywebb@example.net,Sales,2024-01-11,25246,75,900,0,0
Joseph Henry,craig45@example.net,Finance,2023-12-31,11581,675,900,0,0
Stephanie Edwards,wandajohnson@example.org,Engineering,2024-01-15,68749,650,900,0,0
Patricia Marquez,collinsdaniel@example.com,Engineering,2023-12-31,59677,100,900,0,0
Kenneth Padilla,smithmichael@example.org,Sales,2023-12-26,52825,0,900,0,0
Sabrina Perez,adambryant@example.com,Sales,2024-01-15,19795,250,900,0,0
Stacy Brown,susan35@example.com,Engineering,2024-01-09,91768,575,900,0,0
David Brown,manuelgarcia@example.org,Sales,2024-01-18,62935,550,900,0,0
Amanda Gonzalez,brittneysmith@example.net,HR,2024-01-18,66184,325,900,0,0
Matthew Jones,iallen@example.net,Sales,2024-01-01,37180,675,900,0,0
Steven Strong,joannanguyen@example.com,HR,2024-01-15,34153,525,900,0,0
Steven Foster,fclayton@example.net,Engineering,2024-01-21,52357,75,900,0,0
Eric Pena,iruiz@example.net,IT,2024-01-16,13759,350,900,0,0
Maria Weber,paulhill@example.net,IT,2024-01-11,31819,325,900,0,0
William Nelson,james14@example.net,Engineering,2024-01-09,81676,375,900,0,0
Charles Sweeney,joseph86@example.com,IT,2024-01-09,92710,325,900,0,0
Philip Williams,trevinolouis@example.org,HR,2024-01-01,14647,75,900,0,0
Tonya Taylor,mitchelljustin@example.net,Finance,2024-01-17,19303,550,900,0,0
William Smith,johnblanchard@example.org,Finance,2024-01-15,13327,600,900,0,0
Christopher Sanchez,wedwards@example.com,HR,2024-01-23,45451,650,900,0,0
Sarah Jones,rosskatherine@example.net,Engineering,2024-01-08,10324,300,900,0,0
Lisa Sanders,hallsharon@example.org,HR,2024-01-14,24121,425,900,0,0
Kelly Clark,charles82@example.com,Sales,2024-01-09,44794,0,900,0,0
Elizabeth Owens,aaron85@example.net,Engineering,2024-01-20,16801,675,900,0,0
Maria Lindsey,dmoore@example.org,Sales,2023-12-25,14272,100,900,0,0
Michael Whitehead,isaac77@example.org,HR,2024-01-17,32176,450,900,0,0
Rachel Vasquez,tammysalas@example.com,Engineering,2024-01-11,65731,275,900,0,0
Ashley Mccoy,maryjones@example.net,Engineering,2023-12-28,63451,175,900,0,0
Michael Stevens,ingrammegan@example.net,Sales,2024-01-19,21292,50,900,0,0
Traci Smith,jorge33@example.org,Finance,2023-12-28,26701,400,900,0,0
Dr. Omar Scott II,katelynjones@example.net,HR,2024-01-12,20704,750,900,0,0
Jesse Cortez,bsmith@example.net,HR,2024-01-13,42613,300,900,0,0
Mary Berger,elliottpeggy@example.org,Finance,2024-01-16,49909,250,900,0,0
Jessica Leblanc,xsullivan@example.net,Sales,2023-12-27,26170,800,900,0,0
Veronica Goodwin,craigangela@example.org,Sales,2024-01-07,75763,550,900,0,0
Patrick Jacobs,woodardyolanda@example.org,Finance,2024-01-09,13345,225,900,0,0
Debra Reyes,iprice@example.org,Sales,2023-12-26,24286,475,900,0,0
Ashley Barry,carlawood@example.com,HR,2024-01-10,75460,725,900,0,0
Kayla Bowen,amy43@example.org,Finance,2024-01-04,67399,600,900,0,0
Wendy Yoder,heather02@example.org,IT,2024-01-01,94531,50,900,0,0
Alan Campbell,kyu@example.net,HR,2024-01-08,59362,0,900,0,0
Cody Parks,millerrichard@example.net,Engineering,2023-12-29,85171,100,900,0,0
Mary Porter,curtislaura@example.net,HR,2023-12-31,59854,25,900,0,0
Victor Madden,powellraymond@example.com,IT,2024-01-08,58744,200,900,0,0
Annette Wood,xmyers@example.net,HR,2023-12-25,23866,375,900,0,0
Erin Wang,williamsbrett@example.net,Sales,2024-01-21,43753,150,900,0,0
Jacob Grant,clementsdarrell@example.org,HR,2024-01-14,88261,275,900,0,0
Nicole Hunt,eramirez@example.org,Engineering,2024-01-04,65827,775,900,0,0
Alexis Snyder,andrew25@example.net,IT,2024-01-18,39001,500,900,0,0
Michael Brown,qkoch@example.net,IT,2023-12-31,92701,250,900,0,0
Ebony Hunter,johnbarnes@example.net,Finance,2023-12-28,24931,550,900,0,0
Brian Garcia,aaronlee@example.net,Sales,2024-01-13,66970,200,900,0,0
Mark Morris,daviddavis@example.com,Finance,2023-12-31,55879,600,900,0,0
Melinda Barker,ashley78@example.com,Sales,2024-01-19,21445,350,900,0,0
Patrick Chase,bradleyrivera@example.com,Finance,2024-01-21,93814,350,900,0,0
Joseph Johnson,megangreer@example.com,Engineering,2024-01-23,89932,800,900,0,0
Eric Rodriguez,jerrysanchez@example.net,IT,2024-01-22,23116,750,900,0,0
Kevin Aguirre,mcbridetracy@example.com,IT,2024-01-07,78979,450,900,0,0
Danielle Jones,ijohnson@example.net,HR,2024-01-07,89029,500,900,0,0
Kevin Edwards,vanessakrueger@example.net,IT,2024-01-15,25813,650,900,0,0
Kimberly Burns,ryansherman@example.org,Sales,2024-01-10,76021,800,900,0,0
Paige Roach,annadams@example.net,IT,2023-12-31,38842,450,900,0,0
Alyssa Ramirez,summersronald@example.org,Sales,2023-12-31,33841,650,900,0,0
John York,kpayne@example.net,Engineering,2024-01-11,78976,175,900,0,0
Kelly Rivers,gstephens@example.com,Engineering,2024-01-03,34276,500,900,0,0
Michael Davis,cindy31@example.org,IT,2024-01-18,29500,0,900,0,0
Lindsey Barrera,tmckinney@example.org,IT,2023-12-29,74749,325,900,0,0
Monica Frye,mckenzieelijah@example.org,Sales,2023-12-31,85807,150,900,0,0
Jake Anderson,teresa31@example.net,HR,2024-01-06,47668,300,900,0,0
Diane Ross DVM,christopher39@example.org,HR,2023-12-29,50536,500,900,0,0
Steven Huff,ashleywest@example.org,Engineering,2024-01-08,49528,225,900,0,0
Amanda Nunez,randy66@example.net,Finance,2023-12-31,14122,725,900,0,0
Alexis Howard,zachary56@example.org,HR,2024-01-12,16666,500,900,0,0
Michael Dickerson,omoore@example.org,Finance,2024-01-15,17389,50,900,0,0
Alexandria Mclaughlin,zgonzalez@example.net,Engineering,2024-01-09,66040,525,900,0,0
Rodney Davis,ronaldcolon@example.net,IT,2023-12-31,25657,750,900,0,0
Michael Keith,jason27@example.net,Finance,2024-01-13,70954,675,900,0,0
Sue Marks,williamadams@example.com,Sales,2024-01-20,46426,675,900,0,0
Nicolas Collins,jon85@example.org,HR,2024-01-03,79768,400,900,0,0
John Vasquez,sharimartinez@example.org,HR,2024-01-07,89020,75,900,0,0
David Watson,jrubio@example.com,Sales,2023-12-30,72193,750,900,0,0
Patrick Lewis MD,johnmichael@example.net,Engineering,2023-12-27,85888,700,900,0,0
Amanda Mueller,trandolph@example.net,IT,2023-12-28,78325,400,900,0,0
James Carr,leslie70@example.com,Sales,2024-01-16,31324,500,900,0,0
Christopher Christensen,brendalopez@example.com,IT,2024-01-04,25219,425,900,0,0
Anthony Foster,bwallace@example.org,Finance,2024-01-07,51853,575,900,0,0
Brandon Huffman,craig80@example.com,Finance,2024-01-10,29275,600,900,0,0
Joel Johnson,michael23@example.org,Finance,2023-12-29,19189,400,900,0,0
Colleen Grant,jholland@example.com,Finance,2023-12-28,91450,525,900,0,0
Robert Davis,gperez@example.org,HR,2024-01-16,28945,150,900,0,0
Tara Morris,stephen91@example.com,HR,2024-01-01,12574,225,900,0,0
Nicole Hart,hayesmelvin@example.org,Finance,2024-01-22,46717,300,900,0,0
Anthony Wiggins,dwhitehead@example.org,IT,2024-01-23,41551,50,900,0,0
Mrs. Nancy Hicks,brucejoshua@example.net,Finance,2024-01-21,94588,775,900,0,0
